{
  "customer_information": {
    "customer_name": "Allen Smith",
    "customer_address": "Allen Smith\n87 Private st, Seattle, WA",
    "customer_email": null,
    "customer_id": null,
    "customer_tax_id": null,
    "customer_mailing_address": null,
    "customer_billing_address": null,
    "customer_shipping_address": null,
    "customer_service_address": null,
    "customer_remittance_address": null,
    "abn_number": null,
    "gst_number": null,
    "pan_number": null,
    "vat_number": null
  },
  "merchant_information": {
    "merchant_name": "Stanford Plumbing & Heating",
    "merchant_address": "Stanford Plumbing & Heating\n123 Madison drive, Seattle, WA 7829Q",
    "merchant_phone": "990-120-4560",
    "merchant_email": null,
    "merchant_fax": null,
    "merchant_website": "www.plumbingstanford.com",
    "merchant_tax_id": null,
    "merchant_siret": null,
    "merchant_siren": null,
    "abn_number": null,
    "gst_number": null,
    "pan_number": null,
    "vat_number": null
  },
  "invoice_number": "#INV021081",
  "invoice_total": 2844.8,
  "invoice_subtotal": 2540,
  "gratuity": null,
  "amount_due": 2844.8,
  "previous_unpaid_balance": null,
  "discount": 50,
  "taxes": [
    {
      "value": 304.8,
      "rate": null
    }
  ],
  "service_charge": null,
  "payment_term": null,
  "purchase_order": null,
  "date": "11/11/18",
  "due_date": "12/01/18",
  "service_date": null,
  "service_due_date": null,
  "po_number": null,
  "locale": {
    "currency": "USD",
    "language": null
  },
  "bank_informations": {
    "account_number": null,
    "iban": null,
    "bsb": null,
    "sort_code": null,
    "vat_number": null,
    "rooting_number": null,
    "swift": null
  },
  "item_lines": [
    {
      "description": "Installed new kitchen sink (hours)",
      "quantity": 3,
      "amount": 150,
      "unit_price": 50,
      "discount": null,
      "product_code": null,
      "date_item": null,
      "tax_item": null,
      "tax_rate": null
    },
    {
      "description": "Toto sink",
      "quantity": 1,
      "amount": 500,
      "unit_price": 500,
      "discount": null,
      "product_code": null,
      "date_item": null,
      "tax_item": null,
      "tax_rate": null
    },
    {
      "description": "Worcester greenstar magnetic system filter",
      "quantity": 1,
      "amount": 190,
      "unit_price": 190,
      "discount": null,
      "product_code": null,
      "date_item": null,
      "tax_item": null,
      "tax_rate": null
    },
    {
      "description": "Nest smart thermostat",
      "quantity": 1,
      "amount": 250,
      "unit_price": 250,
      "discount": null,
      "product_code": null,
      "date_item": null,
      "tax_item": null,
      "tax_rate": null
    },
    {
      "description": "Worcester Greenstar 30",
      "quantity": 1,
      "amount": 1500,
      "unit_price": 1500,
      "discount": null,
      "product_code": null,
      "date_item": null,
      "tax_item": null,
      "tax_rate": null
    }
  ]
}