[{
    "_id": -1,
    "merchant_name":null,
    "merchant_address": null,
    "merchant_phone": null,
    "merchant_email": null,
    "merchant_fax": null,
    "merchant_website": null,
    "merchant_tax_id": null,
    "merchant_siret": null,
    "merchant_siren": null,
    "abn_number": null,
    "gst_number": null,
    "pan_number": null,
    "vat_number": null
},{
    "_id": 1,
    "merchant_name": "test_merchant_A",
    "merchant_address": "test_merchant_address_A",
    "merchant_phone": null,
    "merchant_email": null,
    "merchant_fax": null,
    "merchant_website": null,
    "merchant_tax_id": null,
    "merchant_siret": null,
    "merchant_siren": null,
    "abn_number": null,
    "gst_number": null,
    "pan_number": null,
    "vat_number": null
},{
    "_id": 2,
    "merchant_name": "test_merchant_B",
    "merchant_address": "test_merchant_address_B",
    "merchant_phone": null,
    "merchant_email": null,
    "merchant_fax": null,
    "merchant_website": null,
    "merchant_tax_id": null,
    "merchant_siret": null,
    "merchant_siren": null,
    "abn_number": null,
    "gst_number": null,
    "pan_number": null,
    "vat_number": null
},{
    "_id": 3,
    "merchant_name": "test_merchant_C",
    "merchant_address": "test_merchant_address_C",
    "merchant_phone": null,
    "merchant_email": null,
    "merchant_fax": null,
    "merchant_website": null,
    "merchant_tax_id": null,
    "merchant_siret": null,
    "merchant_siren": null,
    "abn_number": null,
    "gst_number": null,
    "pan_number": null,
    "vat_number": null
}]