[{
    "_id": -1,
    "customer_name": null,
    "customer_address": null,
    "customer_email": null,
    "customer_id": null,
    "customer_tax_id": null,
    "customer_mailing_address": null,
    "customer_billing_address": null,
    "customer_shipping_address": null,
    "customer_service_address": null,
    "customer_remittance_address": null,
    "abn_number": null,
    "gst_number": null,
    "pan_number": null,
    "vat_number": null
},{
    "_id": 1,
    "customer_name": "test_customer_A",
    "customer_address": "test_customer_address_A",
    "customer_email": null,
    "customer_id": null,
    "customer_tax_id": null,
    "customer_mailing_address": null,
    "customer_billing_address": null,
    "customer_shipping_address": null,
    "customer_service_address": null,
    "customer_remittance_address": null,
    "abn_number": null,
    "gst_number": null,
    "pan_number": null,
    "vat_number": null
},{
    "_id": 2,
    "customer_name": "test_customer_B",
    "customer_address": "test_customer_address_B",
    "customer_email": null,
    "customer_id": null,
    "customer_tax_id": null,
    "customer_mailing_address": null,
    "customer_billing_address": null,
    "customer_shipping_address": null,
    "customer_service_address": null,
    "customer_remittance_address": null,
    "abn_number": null,
    "gst_number": null,
    "pan_number": null,
    "vat_number": null
}]
